{
    "twitter-combined-0.75-hidden": {
        "aa": {
            "test_roc": 0.8978018019292849, 
            "runtime": 368.44200897216797, 
            "test_ap": 0.8979888363362228
        }, 
        "n2v_dot_prod": {
            "runtime": 275.86806893348694, 
            "test_roc": 0.894374868817966, 
            "val_roc": 0.901357579781816, 
            "val_ap": 0.9117482358484499, 
            "test_ap": 0.9071670326938329
        }, 
        "pa": {
            "test_roc": 0.8916141219471052, 
            "runtime": 285.0628628730774, 
            "test_ap": 0.8940709628225681
        }, 
        "n2v_edge_emb": {
            "runtime": 230.97293996810913, 
            "test_roc": 0.9550436523686192, 
            "val_roc": 0.9576784906399334, 
            "val_ap": 0.9660047587585298, 
            "test_ap": 0.9637876835951534
        }, 
        "sc": {
            "runtime": 2545.2791950702667, 
            "test_roc": 0.8992094314668637, 
            "val_roc": 0.9053650693577131, 
            "val_ap": 0.9073403865358164, 
            "test_ap": 0.9024643414697074
        }, 
        "jc": {
            "test_roc": 0.8970520684784256, 
            "runtime": 406.7558720111847, 
            "test_ap": 0.8958500530158481
        }
    }, 
    "twitter-combined-0.25-hidden": {
        "aa": {
            "test_roc": 0.9933579980257737, 
            "runtime": 173.848491191864, 
            "test_ap": 0.993302062096164
        }, 
        "n2v_dot_prod": {
            "runtime": 791.2952570915222, 
            "test_roc": 0.9223198854741643, 
            "val_roc": 0.9223425522617088, 
            "val_ap": 0.9309125434672796, 
            "test_ap": 0.9313543248507924
        }, 
        "pa": {
            "test_roc": 0.897285499703152, 
            "runtime": 73.78254103660583, 
            "test_ap": 0.8991206824141426
        }, 
        "n2v_edge_emb": {
            "runtime": 820.316104888916, 
            "test_roc": 0.9772818053314275, 
            "val_roc": 0.9775416917699272, 
            "val_ap": 0.9800666238737181, 
            "test_ap": 0.9798822487910951
        }, 
        "sc": {
            "runtime": 8705.46721315384, 
            "test_roc": 0.9283474764314585, 
            "val_roc": 0.9284411262239272, 
            "val_ap": 0.9288172566591786, 
            "test_ap": 0.9289018790144223
        }, 
        "jc": {
            "test_roc": 0.9918024362789747, 
            "runtime": 155.3962049484253, 
            "test_ap": 0.9911991611566608
        }
    }, 
    "twitter-combined-0.5-hidden": {
        "aa": {
            "test_roc": 0.9764995805542279, 
            "runtime": 323.88260293006897, 
            "test_ap": 0.9765645284169
        }, 
        "n2v_dot_prod": {
            "runtime": 588.8440420627594, 
            "test_roc": 0.9158371761534272, 
            "val_roc": 0.917287821097861, 
            "val_ap": 0.9269908745422143, 
            "test_ap": 0.9262739159593635
        }, 
        "pa": {
            "test_roc": 0.8963049151601706, 
            "runtime": 181.02082085609436, 
            "test_ap": 0.8981132424152919
        }, 
        "n2v_edge_emb": {
            "runtime": 546.3196361064911, 
            "test_roc": 0.9731764387058875, 
            "val_roc": 0.9737544214153767, 
            "val_ap": 0.9777298447484745, 
            "test_ap": 0.9772741847598599
        }, 
        "sc": {
            "runtime": 3078.6755809783936, 
            "test_roc": 0.9293393166328326, 
            "val_roc": 0.930661583680035, 
            "val_ap": 0.9311851141640928, 
            "test_ap": 0.930302786751059
        }, 
        "jc": {
            "test_roc": 0.9752870136898979, 
            "runtime": 299.6592290401459, 
            "test_ap": 0.9746333149964583
        }
    }
}