{
    "twitter-combined-0.75-hidden": {
        "aa": {
            "test_roc": 0.8978018019292849, 
            "runtime": 351.0645179748535, 
            "test_ap": 0.8979888363362228
        }, 
        "n2v_dot_prod": {
            "runtime": 189.6698009967804, 
            "test_roc": 0.8944240098505973, 
            "val_roc": 0.9014281630728493, 
            "val_ap": 0.9120096795276468, 
            "test_ap": 0.9073790637289568
        }, 
        "pa": {
            "test_roc": 0.8916141219471052, 
            "runtime": 242.66750693321228, 
            "test_ap": 0.8940709628225681
        }, 
        "n2v_edge_emb": {
            "runtime": 198.61926293373108, 
            "test_roc": 0.9569906381644975, 
            "val_roc": 0.9597614846347714, 
            "val_ap": 0.9673583404084062, 
            "test_ap": 0.9650960394694031
        }, 
        "sc": {
            "runtime": 1618.6481449604034, 
            "test_roc": 0.8992094314668637, 
            "val_roc": 0.9053650693577131, 
            "val_ap": 0.9073403865358164, 
            "test_ap": 0.9024643414697074
        }, 
        "jc": {
            "test_roc": 0.8970520684784256, 
            "runtime": 342.93432688713074, 
            "test_ap": 0.8958500530158481
        }
    }, 
    "twitter-combined-0.25-hidden": {
        "aa": {
            "test_roc": 0.9933579980257737, 
            "runtime": 158.96544003486633, 
            "test_ap": 0.993302062096164
        }, 
        "n2v_dot_prod": {
            "runtime": 745.1745109558105, 
            "test_roc": 0.9226195149674159, 
            "val_roc": 0.9225310115703336, 
            "val_ap": 0.9315510429173447, 
            "test_ap": 0.931711042271523
        }, 
        "pa": {
            "test_roc": 0.897285499703152, 
            "runtime": 84.53009390830994, 
            "test_ap": 0.8991206824141426
        }, 
        "n2v_edge_emb": {
            "runtime": 805.1338059902191, 
            "test_roc": 0.9765487818136983, 
            "val_roc": 0.9768643282841896, 
            "val_ap": 0.979542773889649, 
            "test_ap": 0.9793057995736701
        }, 
        "sc": {
            "runtime": 8931.84532904625, 
            "test_roc": 0.9283474764314585, 
            "val_roc": 0.9284411262239272, 
            "val_ap": 0.9288172566591786, 
            "test_ap": 0.9289018790144223
        }, 
        "jc": {
            "test_roc": 0.9918024362789747, 
            "runtime": 155.55835700035095, 
            "test_ap": 0.9911991611566608
        }
    }, 
    "twitter-combined-0.5-hidden": {
        "aa": {
            "test_roc": 0.9764995805542279, 
            "runtime": 325.20432114601135, 
            "test_ap": 0.9765645284169
        }, 
        "n2v_dot_prod": {
            "runtime": 435.6485481262207, 
            "test_roc": 0.9161948610043309, 
            "val_roc": 0.9176742219835583, 
            "val_ap": 0.9274210476864831, 
            "test_ap": 0.9266471102408335
        }, 
        "pa": {
            "test_roc": 0.8963049151601706, 
            "runtime": 160.78459405899048, 
            "test_ap": 0.8981132424152919
        }, 
        "n2v_edge_emb": {
            "runtime": 465.6200439929962, 
            "test_roc": 0.9724515828848683, 
            "val_roc": 0.9730921738700556, 
            "val_ap": 0.9771139883846679, 
            "test_ap": 0.9766808457672644
        }, 
        "sc": {
            "runtime": 3527.886430978775, 
            "test_roc": 0.9293393166328326, 
            "val_roc": 0.930661583680035, 
            "val_ap": 0.9311851141640928, 
            "test_ap": 0.930302786751059
        }, 
        "jc": {
            "test_roc": 0.9752870136898979, 
            "runtime": 287.0737428665161, 
            "test_ap": 0.9746333149964583
        }
    }
}