{
    "twitter-combined-0.75-hidden": {
        "aa": {
            "test_roc": 0.8978018019292849, 
            "runtime": 371.36173701286316, 
            "test_ap": 0.8979888363362228
        }, 
        "n2v_dot_prod": {
            "runtime": 282.8316180706024, 
            "test_roc": 0.8941110177143536, 
            "val_roc": 0.9011559219021045, 
            "val_ap": 0.9115922305909446, 
            "test_ap": 0.906916271618367
        }, 
        "pa": {
            "test_roc": 0.8916141219471052, 
            "runtime": 199.4696810245514, 
            "test_ap": 0.8940709628225681
        }, 
        "n2v_edge_emb": {
            "runtime": 226.685378074646, 
            "test_roc": 0.9556577219583834, 
            "val_roc": 0.9585532303706626, 
            "val_ap": 0.9664096305757993, 
            "test_ap": 0.964039450666066
        }, 
        "sc": {
            "runtime": 2417.4911489486694, 
            "test_roc": 0.8992094314668637, 
            "val_roc": 0.9053650693577131, 
            "val_ap": 0.9073403865358164, 
            "test_ap": 0.9024643414697074
        }, 
        "jc": {
            "test_roc": 0.8970520684784256, 
            "runtime": 352.2180700302124, 
            "test_ap": 0.8958500530158481
        }
    }, 
    "twitter-combined-0.25-hidden": {
        "aa": {
            "test_roc": 0.9933579980257737, 
            "runtime": 204.31894779205322, 
            "test_ap": 0.993302062096164
        }, 
        "n2v_dot_prod": {
            "runtime": 943.8857638835907, 
            "test_roc": 0.9222772828575, 
            "val_roc": 0.9225845337095047, 
            "val_ap": 0.9311253395342203, 
            "test_ap": 0.9311584787170216
        }, 
        "pa": {
            "test_roc": 0.897285499703152, 
            "runtime": 86.80446219444275, 
            "test_ap": 0.8991206824141426
        }, 
        "n2v_edge_emb": {
            "runtime": 992.1082048416138, 
            "test_roc": 0.9769006788735871, 
            "val_roc": 0.9768048936545339, 
            "val_ap": 0.9797418574778847, 
            "test_ap": 0.9798367180248578
        }, 
        "sc": {
            "runtime": 12618.135503053665, 
            "test_roc": 0.9283474764314585, 
            "val_roc": 0.9284411262239272, 
            "val_ap": 0.9288172566591786, 
            "test_ap": 0.9289018790144223
        }, 
        "jc": {
            "test_roc": 0.9918024362789747, 
            "runtime": 176.87774109840393, 
            "test_ap": 0.9911991611566608
        }
    }, 
    "twitter-combined-0.5-hidden": {
        "aa": {
            "test_roc": 0.9764995805542279, 
            "runtime": 343.5433831214905, 
            "test_ap": 0.9765645284169
        }, 
        "n2v_dot_prod": {
            "runtime": 561.6254000663757, 
            "test_roc": 0.915581854837761, 
            "val_roc": 0.9171762268499734, 
            "val_ap": 0.92673331879385, 
            "test_ap": 0.9259759123702221
        }, 
        "pa": {
            "test_roc": 0.8963049151601706, 
            "runtime": 186.3052852153778, 
            "test_ap": 0.8981132424152919
        }, 
        "n2v_edge_emb": {
            "runtime": 567.3417720794678, 
            "test_roc": 0.9730569379556627, 
            "val_roc": 0.9732697120861042, 
            "val_ap": 0.977033421849103, 
            "test_ap": 0.9768679522928498
        }, 
        "sc": {
            "runtime": 4919.10249876976, 
            "test_roc": 0.9293393166328326, 
            "val_roc": 0.930661583680035, 
            "val_ap": 0.9311851141640928, 
            "test_ap": 0.930302786751059
        }, 
        "jc": {
            "test_roc": 0.9752870136898979, 
            "runtime": 311.73315501213074, 
            "test_ap": 0.9746333149964583
        }
    }
}